n_gen,n_eval,best_cost,best_emissions,best_resilience,n_pareto
1,5,1940053.0041885471,6204279.00293622,0.507718274044489,4
2,10,1902950.7479686807,6204279.00293622,0.507718274044489,5
