,capacity_kw,capex_per_kw_year,opex_per_kw_year,efficiency,disparity_factor,dispatchable,co2_emissions_kg_per_kwh,storage_capacity_kwh,capex_per_kwh_year,opex_per_kwh_year
gas_boiler,3000.0,6.086753859396779,0.1217350771879356,0.95,0.5,1,0.202,,,
gas_chp,2000.0,112.8254722502441,3.384764167507323,0.38,0.5,1,0.202,,,
heat_pump_air,2000.0,61.60205345958263,1.2320410691916526,2.8,0.5,0,0.0,,,
heat_pump_ground,1000.0,124.9272412816711,2.498544825633422,3.8,0.5,0,0.0,,,
pv,2442.944166,101.22043842,1.5183065762999999,1.0,1.0,0,0.0,,,
grid_electricity,100000.0,0.0,0.0,1.0,0.2,1,0.401,,,
thermal_storage,,,,0.998001,0.7,0,0.0,70000.0,0.6650821113906786,0.006650821113906786
battery_storage,,,,0.9025,0.7,0,0.0,10000.0,50.60474685579514,0.5060474685579515
